{"best_reward": 94.37522422130913, "name": "NND_MB_agent_MountainCarContinuous-v0", "last_x": 5, "best_path": [[-0.5450176110162893, 0.0], [-0.5460156868250012, -0.0009980758087119134], [-0.5474534028461014, -0.0014377160211002282], [-0.5501717233923537, -0.0027183205462521518], [-0.554024494953711, -0.0038527715613573027], [-0.5587087136701302, -0.004684218716419197], [-0.5645579072859777, -0.00584919361584745], [-0.5714245450054575, -0.006866637719479796], [-0.579050208755409, -0.007625663749951515], [-0.5869740514638759, -0.007923842708466916], [-0.5953975289401406, -0.008423477476264677], [-0.604550821666109, -0.009153292725968286], [-0.6145836785671606, -0.010032856901051598], [-0.6249658934380702, -0.010382214870909576], [-0.6357332718505718, -0.010767378412501645], [-0.6466027461033195, -0.01086947425274761], [-0.6580203472097248, -0.01141760110640536], [-0.6696679292150968, -0.011647582005372014], [-0.6816880342004119, -0.012020104985315153], [-0.693764202641313, -0.01207616844090109], [-0.7058158268121589, -0.012051624170845966], [-0.7177245914251899, -0.011908764613030925], [-0.7296598005447912, -0.011935209119601324], [-0.7415492381110851, -0.01188943756629391], [-0.7532211751728852, -0.011671937061800098], [-0.7647820722254297, -0.011560897052544513], [-0.7757074415321911, -0.010925369306761357], [-0.7834302804094099, -0.007722838877218815], [-0.7883472835125228, -0.004917003103112961], [-0.7900177983369505, -0.0016705148244276825], [-0.788432236734979, 0.0015855616019714927], [-0.7838807033278856, 0.0045515334070934], [-0.7762496248340915, 0.0076310784937940876], [-0.7654060839699179, 0.010843540864173587], [-0.7515468095376179, 0.013859274432300013], [-0.7348513611237232, 0.016695448413894726], [-0.7153130405053271, 0.019538320618396117], [-0.6930630037855884, 0.022250036719738707], [-0.668276250871403, 0.02478675291418545], [-0.64136227313483, 0.026913977736572985], [-0.6125967362327862, 0.028765536902043733], [-0.5823625369538055, 0.03023419927898072], [-0.550281821193913, 0.032080715759892506], [-0.5165497558986565, 0.03373206529525647], [-0.4816957502413842, 0.03485400565727223], [-0.44607675885517706, 0.03561899138620715], [-0.40981013893401075, 0.036266619921166296], [-0.37330024950732693, 0.036509889426683796], [-0.33655217747116595, 0.03674807203616098], [-0.2996703636361828, 0.036881813834983096], [-0.2633058511052794, 0.03636451253090343], [-0.2272116376414247, 0.03609421346385468], [-0.19157043049214495, 0.03564120714927977], [-0.15663052916065093, 0.03493990133149402], [-0.1224729428940666, 0.03415758626658433], [-0.08943045574687028, 0.03304248714719632], [-0.057365643411364624, 0.032064812335505656], [-0.02671910161527171, 0.030646541796092913], [0.0028731784375270464, 0.029592280052798757], [0.03101969888729257, 0.028146520449765525], [0.05780192263376284, 0.02678222374647027], [0.08309656128841394, 0.0252946386546511], [0.10712962869474424, 0.024033067406330287], [0.13004755068609006, 0.02291792199134581], [0.1519767869717882, 0.021929236285698143], [0.1727957828407604, 0.020818995868972186], [0.1926654558399152, 0.019869672999154823], [0.21096240719488807, 0.018296951354972873], [0.22872370411510226, 0.017761296920214182], [0.24582038898365996, 0.017096684868557692], [0.26246135434759105, 0.0166409653639311], [0.277969441845056, 0.015508087497464988], [0.2929061107338873, 0.014936668888831285], [0.30724825019650925, 0.014342139462621984], [0.32128598417045123, 0.01403773397394199], [0.33472661088448297, 0.013440626714031713], [0.34824925465597245, 0.013522643771489486], [0.3615644942637007, 0.013315239607728256], [0.37463001286842773, 0.01306551860472706], [0.3879570905109721, 0.013327077642544361], [0.4017565348921499, 0.013799444381177806], [0.4161113668144294, 0.014354831922279475], [0.4302803744273059, 0.014169007612876457], [0.4448646342445066, 0.014584259817200733], [0.45951847444690014, 0.014653840202393497]], "last_paths": [[null], [null], [null], [[-0.5450176110162893, 0.0], [-0.5460156868250012, -0.0009980758087119134], [-0.5474534028461014, -0.0014377160211002282], [-0.5501717233923537, -0.0027183205462521518], [-0.554024494953711, -0.0038527715613573027], [-0.5587087136701302, -0.004684218716419197], [-0.5645579072859777, -0.00584919361584745], [-0.5714245450054575, -0.006866637719479796], [-0.579050208755409, -0.007625663749951515], [-0.5869740514638759, -0.007923842708466916], [-0.5953975289401406, -0.008423477476264677], [-0.604550821666109, -0.009153292725968286], [-0.6145836785671606, -0.010032856901051598], [-0.6249658934380702, -0.010382214870909576], [-0.6357332718505718, -0.010767378412501645], [-0.6466027461033195, -0.01086947425274761], [-0.6580203472097248, -0.01141760110640536], [-0.6696679292150968, -0.011647582005372014], [-0.6816880342004119, -0.012020104985315153], [-0.693764202641313, -0.01207616844090109], [-0.7058158268121589, -0.012051624170845966], [-0.7177245914251899, -0.011908764613030925], [-0.7296598005447912, -0.011935209119601324], [-0.7415492381110851, -0.01188943756629391], [-0.7532211751728852, -0.011671937061800098], [-0.7647820722254297, -0.011560897052544513], [-0.7757074415321911, -0.010925369306761357], [-0.7834302804094099, -0.007722838877218815], [-0.7883472835125228, -0.004917003103112961], [-0.7900177983369505, -0.0016705148244276825], [-0.788432236734979, 0.0015855616019714927], [-0.7838807033278856, 0.0045515334070934], [-0.7762496248340915, 0.0076310784937940876], [-0.7654060839699179, 0.010843540864173587], [-0.7515468095376179, 0.013859274432300013], [-0.7348513611237232, 0.016695448413894726], [-0.7153130405053271, 0.019538320618396117], [-0.6930630037855884, 0.022250036719738707], [-0.668276250871403, 0.02478675291418545], [-0.64136227313483, 0.026913977736572985], [-0.6125967362327862, 0.028765536902043733], [-0.5823625369538055, 0.03023419927898072], [-0.550281821193913, 0.032080715759892506], [-0.5165497558986565, 0.03373206529525647], [-0.4816957502413842, 0.03485400565727223], [-0.44607675885517706, 0.03561899138620715], [-0.40981013893401075, 0.036266619921166296], [-0.37330024950732693, 0.036509889426683796], [-0.33655217747116595, 0.03674807203616098], [-0.2996703636361828, 0.036881813834983096], [-0.2633058511052794, 0.03636451253090343], [-0.2272116376414247, 0.03609421346385468], [-0.19157043049214495, 0.03564120714927977], [-0.15663052916065093, 0.03493990133149402], [-0.1224729428940666, 0.03415758626658433], [-0.08943045574687028, 0.03304248714719632], [-0.057365643411364624, 0.032064812335505656], [-0.02671910161527171, 0.030646541796092913], [0.0028731784375270464, 0.029592280052798757], [0.03101969888729257, 0.028146520449765525], [0.05780192263376284, 0.02678222374647027], [0.08309656128841394, 0.0252946386546511], [0.10712962869474424, 0.024033067406330287], [0.13004755068609006, 0.02291792199134581], [0.1519767869717882, 0.021929236285698143], [0.1727957828407604, 0.020818995868972186], [0.1926654558399152, 0.019869672999154823], [0.21096240719488807, 0.018296951354972873], [0.22872370411510226, 0.017761296920214182], [0.24582038898365996, 0.017096684868557692], [0.26246135434759105, 0.0166409653639311], [0.277969441845056, 0.015508087497464988], [0.2929061107338873, 0.014936668888831285], [0.30724825019650925, 0.014342139462621984], [0.32128598417045123, 0.01403773397394199], [0.33472661088448297, 0.013440626714031713], [0.34824925465597245, 0.013522643771489486], [0.3615644942637007, 0.013315239607728256], [0.37463001286842773, 0.01306551860472706], [0.3879570905109721, 0.013327077642544361], [0.4017565348921499, 0.013799444381177806], [0.4161113668144294, 0.014354831922279475], [0.4302803744273059, 0.014169007612876457], [0.4448646342445066, 0.014584259817200733], [0.45951847444690014, 0.014653840202393497]], [[-0.40999651659965136, 0.0], [-0.41224558197971983, -0.0022490653800684825], [-0.4165228798284465, -0.0042772978487266595], [-0.42205709620256343, -0.005534216374116916], [-0.42939396866578816, -0.007336872463224753], 