{"last_x": 5, "best_reward": 93.85187403428435, "last_paths": [[null], [null], [[-0.5307896404003096, 0.0], [-0.5322137403233508, -0.001424099923041199], [-0.5350602393587328, -0.0028464990353820096], [-0.5393195250931389, -0.0042592857344059855], [-0.5449596713301593, -0.005640146237020419], [-0.5519324154977656, -0.006972744167606246], [-0.5601628580931285, -0.008230442595362845], [-0.5695924870696766, -0.009429628976548043], [-0.5801554517432054, -0.010562964673528822], [-0.591785535360142, -0.011630083616936656], [-0.6043962353675548, -0.01261070000741285], [-0.6178917239039161, -0.013495488536361303], [-0.6321701633641059, -0.014278439460189828], [-0.6469023102996992, -0.014732146935593332], [-0.661961601827764, -0.01505929152806473], [-0.677272509277022, -0.015310907449257961], [-0.6927002657695724, -0.015427756492550406], [-0.7081825804812223, -0.015482314711649894], [-0.7235819491730255, -0.015399368691803285], [-0.7386662165163231, -0.01508426734329756], [-0.752530117153749, -0.013863900637425774], [-0.7634355901902642, -0.010905473036515278], [-0.7711935218722886, -0.00775793168202441], [-0.7757726466375363, -0.004579124765247672], [-0.7771491176638539, -0.001376471026317599], [-0.7753210107602658, 0.0018281069035880507], [-0.7703212675181724, 0.004999743242093438], [-0.7621607817313264, 0.008160485786845978], [-0.7508804720090578, 0.011280309722268574], [-0.7365387789368399, 0.014341693072217901], [-0.71923933320809, 0.01729944572875], [-0.6991233467050704, 0.020115986503019583], [-0.6762609750167692, 0.02286237168830119], [-0.6507932455917491, 0.025467729425020035], [-0.622907253704017, 0.027885991887732126], [-0.5927937826912918, 0.0301134710127252], [-0.5606752452518556, 0.03211853743943614], [-0.5268047640231909, 0.03387048122866476], [-0.4914102382520512, 0.03539452577113969], [-0.45476079168590616, 0.036649446566145064], [-0.41715290714851005, 0.03760788453739612], [-0.37883920026085405, 0.038313706887655986], [-0.3400912830152631, 0.03874791724559098], [-0.30116805869238955, 0.03892322432287352], [-0.2623003057263343, 0.038867752966055255], [-0.22369932776494103, 0.03860097796139326], [-0.18555619820680508, 0.03814312955813596], [-0.14803561865559992, 0.037520579551205156], [-0.1112758610206663, 0.03675975763493361], [-0.0754032356672056, 0.03587262535346071], [-0.040489058386506994, 0.0349141772806986], [-0.006578408786737253, 0.03391064959976974], [0.026321080477017575, 0.03289948926375483], [0.058228359683731676, 0.0319072792067141], [0.08917368558951157, 0.030945325905779888], [0.11919239634464897, 0.030018710755137398], [0.14833995999032634, 0.02914756364567737], [0.1767128057635841, 0.028372845773257778], [0.20441979261333432, 0.027706986849750214], [0.23157757492145406, 0.027157782308119747], [0.25829507241815985, 0.026717497496705774], [0.28470469503643575, 0.0264096226182759], [0.31097210081034393, 0.026267405773908178], [0.3372373852382583, 0.026265284427914357], [0.363669992200374, 0.02643260696211567], [0.39042847567701827, 0.026758483476644265], [0.41771453964216554, 0.027286063965147295], [0.4457174990958662, 0.028002959453700692], [0.4746218023018003, 0.02890430320593405]], [[-0.4498885089897644, 0.0], [-0.4519237517305948, -0.0020352427408304023], [-0.45512178248981167, -0.003198030759216868], [-0.45967285055222334, -0.004551068062411661], [-0.4658469372674894, -0.00617408671526606], [-0.47192269220363314, -0.006075754936143779], [-0.4796423023462019, -0.00771961014256877], [-0.48890379799936096, -0.009261495653159056], [-0.49969329316295286, -0.010789495163591914], [-0.5119217751159177, -0.012228481952964866], [-0.5255699607949916, -0.013648185679073927], [-0.537703362671256, -0.012133401876264358], [-0.5485817396935777, -0.010878377022321728], [-0.5593921369034138, -0.010810397209836075], [-0.570848633634784, -0.011456496731370128], [-0.5824539959607874, -0.011605362326003406], [-0.5951013940113742, -0.012647398050586772], [-0.6087131961989005, -0.013611802187526388], [-0.6230504681211196, -0.014337271922219105], [-0.6377705386201523, -0.014720070499032725], [-0.6528906099172618, -0.015120071297109502], [-0.6681797867543071, -0.01528917683704539], [-0.6836261276364733, -0.01544634088216624], [-0.6991280316307441, -0.015501903994270797], [-0.7145036492459461, -0.01537561761520198], [-0.7295816574501338, -0.015078008204187737], [-0.7434826233385676, -0.013900965888433803], [-0.7572813051246492, -0.013798681786081577], [-0.7679996171895437, -0.010718312064894483], [-0.7755511289180467, -0.007551511728503033], [-0.7799126197889505, -0.0043614908709038265], [-0.781035673250478, -0.0011230534615274527], [-0.7789142460874016, 0.0021214271630764473], [-0.7735613916544208, 0.005352854432980714], [-0.7650250196383617, 0.00853637201605918], [-0.7533552686934434, 0.01166975094491832], [-0.7386229836516558, 0.014732285041787595], [-0.7209522687931303, 0.017670714858525408], [-0.700390770666427, 0.02056149812670342], [-0.6770900650822789, 0.023300705584148138], [-0.6511975259780779, 0.025892539104200973], [-0.6228753399752454, 0.028322186002832556], [-0.5923280812661591, 0.0305472587090863], [-0.5597854797271986, 0.032542601538960464], [-0.5254923388732081, 0.03429314085399048], [-0.48969306357348985, 0.035799275299718276], [-0.4526519213705128, 0.03704114220297708], [-0.41469462734292445, 0.03795729402758837], [-0.37603966110635934, 0.03865496623656514], [-0.3369674527252073, 0.039072208381152065], [-0.29772831560927443, 0.03923913711593284], [-0.2585724294462134, 0.039155886163061066], [-0.21970326643012025, 0.038869163016093146], [-0.18131460114117007, 0.038388665288950186], [-0.14357776272163256, 0.03773683841953751], [-0.10661257384933479, 0.03696518887229777], [-0.07053555671101144, 0.03607701713832334], [-0.03540670250176357, 0.03512885420924787], [-0.0012803819014136908, 0.03412632060034988], [0.03183071034020319, 0.03311109224161688], [0.06393608096532197, 0.032105370625118784], [0.09508182911482188, 0.031145748149499913], [0.12532859575645816, 0.03024676664163627], [0.15473205340095492, 0.029403457644496745], [0.18337153028248065, 0.028639476881525728], [0.21055868064020625, 0.027187150357725596], [0.2372193534434478, 0.026660672803241543], [0.2634650845731687, 0.026245731129720878], [0.2894163140798494, 0.025951229506680704], [0.3152352320474778, 0.02581891796762835], [0.3410547192370925, 0.02581948718961472], [0.367060470013406, 0.026005750776313504], [0.39341209131239696, 0.02635162129899092], [0.42028438254202666, 0.02687229122962969], [0.44789416246274133, 0.02760977992071466], [0.47641535069239094, 0.0285211882296496]], [[-0.42736364835374174, 0.0], [-0.4295622525301543, -0.0021986041764125272], [-0.432913602225829, -0.0033513496956746837], [-0.4377961462344087, -0.004882544008579731], [-0.44440570588857065, -0.006609559654161952], [-0.45274626874097085, -0.008340562852400195], [-0.46274417069168944, -0.009997901950718587], [-0.474373975051948, -0.011629804360258561], [-0.48762144436850635, -0.01324746931655832], [-0.49965565838444204, -0.012034214015935709], [-0.5103849534604233, -0.010729295075981275], [-0.520496262706611, -0.010111309246187672], [-0.5303093132154542, -0.00981305050884313], [-0.5401665024434781, -0.009857189228023911], [-0.5498998099070369, -0.009733307463558879], [-0.5604058858475582, -0.010506075940521376], [-0.5711284978377001, -0.010722611990141915], [-0.5829929640376317, -0.011864466199931584], [-0.595872054450729, -0.01287909041309729], [-0.6096779499678795, -0.013805895517150545], [-0.6240848947576513, -0.01440694478977173], [-0.6388803299363188, -0.014795435178667602], [-0.6539937359526583, -0.015113406016339535], [-0.669383397487623, -0.015389661534964714], [-0.6848010008714867, -0.015417603383863611], [-0.7003125102895503, -0.01551150941806365], [-0.7156581033568773, -0.015345593067326982], [-0.7307603144039493, -0.01510221104707198], [-0.7446726437123974, -0.01391232930844815], [-0.7557354785154416, -0.011062834803044236], [-0.7637341445456263, -0.007998666030184629], 