{"last_rewards": [null, null, null, 94.13511972624302, 93.9610781261929], "best_reward": 94.13511972624302, "best_path": [[-0.42411551878977033, 0.0], [-0.42625401438674265, -0.002138495596972339], [-0.43028438285322834, -0.0040303684664856655], [-0.4363322870463064, -0.00604790419307803], [-0.44343262527019206, -0.007100338223885684], [-0.4523488523629334, -0.008916227092741334], [-0.4628780619142745, -0.010529209551341113], [-0.4749277081627003, -0.01204964624842582], [-0.4882755113228136, -0.013347803160113296], [-0.5031350261199885, -0.014859514797174858], [-0.5194195183702234, -0.01628449225023483], [-0.5370034387737643, -0.017583920403540985], [-0.5530623905624636, -0.01605895178869935], [-0.5678545590669367, -0.014792168504473062], [-0.5810976157819031, -0.013243056714966376], [-0.5938542592578612, -0.012756643475958063], [-0.6075310742465262, -0.013676814988665015], [-0.6217960668078392, -0.01426499256131294], [-0.6356561591739043, -0.01386009236606511], [-0.6499647873012702, -0.014308628127365886], [-0.6645451902026477, -0.014580402901377541], [-0.6791950520743573, -0.014649861871709566], [-0.6941052516253033, -0.014910199550946131], [-0.7092272896559054, -0.015122038030602091], [-0.7244951738715062, -0.015267884215600824], [-0.7398240260484137, -0.015328852176907512], [-0.7533429888328245, -0.013518962784410728], [-0.7642984538386438, -0.010955465005819303], [-0.7721108966154362, -0.007812442776792335], [-0.776814591786994, -0.004703695171557793], [-0.7787489530748849, -0.0019343612878909375], [-0.777519119961521, 0.0012298331133638587], [-0.7732439507862231, 0.0042751691752979624], [-0.7657727603033101, 0.007471190482912956], [-0.7551906594527985, 0.010582100850511578], [-0.7417512954399929, 0.013439364012805634], [-0.725600849337063, 0.01615044610292981], [-0.7066746001580896, 0.018926249178973405], [-0.6853864052088858, 0.02128819494920378], [-0.6618559938692944, 0.023530411339591467], [-0.6358322969183481, 0.026023696950946282], [-0.6076160176583741, 0.02821627925997393], [-0.577290159115106, 0.030325858543268226], [-0.5451119138571641, 0.03217824525794192], [-0.5114976974210935, 0.033614216436070585], [-0.4768957877943238, 0.034601909626769754], [-0.4414191890426728, 0.03547659875165097], [-0.4052300778902763, 0.03618911115239648], [-0.3684804285231855, 0.03674964936709079], [-0.33138850877575604, 0.03709191974742949], [-0.29438366780391534, 0.03700484097184073], [-0.25747616466105055, 0.03690750314286477], [-0.22087085367251463, 0.03660531098853593], [-0.1847365120142244, 0.03613434165829025], [-0.14928123372807234, 0.03545527828615205], [-0.11486136779570806, 0.03441986593236428], [-0.08131730199395384, 0.033544065801754216], [-0.0491544146745842, 0.03216288731936964], [-0.01802668375143354, 0.031127730923150663], [0.011658849622790221, 0.02968553337422376], [0.04007062864702454, 0.028411779024234318], [0.06742560805132167, 0.02735497940429712], [0.09354759145491877, 0.0261219834035971], [0.11799830740468567, 0.024450715949766905], [0.14159704206883827, 0.023598734664152604], [0.16439781530408099, 0.022800773235242707], [0.18632718437023937, 0.021929369066158375], [0.20753381575301005, 0.021206631382770673], [0.22818969014919016, 0.0206558743961801], [0.24838779531824573, 0.020198105169055562], [0.2681431833823351, 0.019755388064089368], [0.28732043135364393, 0.01917724797130883], [0.30621991930568815, 0.018899487952044214], [0.32493099480494125, 0.01871107549925313], [0.3435729918750137, 0.018641997070072476], [0.3623072433416433, 0.0187342514666296], [0.38130243171579725, 0.01899518837415393], [0.40033992718653033, 0.01903749547073308], [0.4199217228664182, 0.01958179567988788], [0.4402384173446748, 0.02031669447825656], [0.46123374833568653, 0.020995330991011765]], "last_x": 5, "last_paths": [[null], [null], [null], [[-0.42411551878977033, 0.0], [-0.42625401438674265, -0.002138495596972339], [-0.43028438285322834, -0.0040303684664856655], [-0.4363322870463064, -0.00604790419307803], [-0.44343262527019206, -0.007100338223885684], [-0.4523488523629334, -0.008916227092741334], [-0.4628780619142745, -0.010529209551341113], [-0.4749277081627003, -0.01204964624842582], [-0.4882755113228136, -0.013347803160113296], [-0.5031350261199885, -0.014859514797174858], [-0.5194195183702234, -0.01628449225023483], [-0.5370034387737643, -0.017583920403540985], [-0.5530623905624636, -0.01605895178869935], [-0.5678545590669367, -0.014792168504473062], [-0.5810976157819031, -0.013243056714966376], [-0.5938542592578612, -0.012756643475958063], [-0.6075310742465262, -0.013676814988665015], [-0.6217960668078392, -0.01426499256131294], [-0.6356561591739043, -0.01386009236606511], [-0.6499647873012702, -0.014308628127365886], [-0.6645451902026477, -0.014580402901377541], [-0.6791950520743573, -0.014649861871709566], [-0.6941052516253033, -0.014910199550946131], [-0.7092272896559054, -0.015122038030602091], [-0.7244951738715062, -0.015267884215600824], [-0.7398240260484137, -0.015328852176907512], [-0.7533429888328245, -0.013518962784410728], [-0.7642984538386438, -0.010955465005819303], [-0.7721108966154362, -0.007812442776792335], [-0.776814591786994, -0.004703695171557793], [-0.7787489530748849, -0.0019343612878909375], [-0.777519119961521, 0.0012298331133638587], [-0.7732439507862231, 0.0042751691752979624], [-0.7657727603033101, 0.007471190482912956], [-0.7551906594527985, 0.010582100850511578], [-0.7417512954399929, 0.013439364012805634], [-0.725600849337063, 0.01615044610292981], [-0.7066746001580896, 0.018926249178973405], [-0.6853864052088858, 0.02128819494920378], [-0.6618559938692944, 0.023530411339591467], [-0.6358322969183481, 0.026023696950946282], [-0.6076160176583741, 0.02821627925997393], [-0.577290159115106, 0.030325858543268226], [-0.5451119138571641, 0.03217824525794192], [-0.5114976974210935, 0.033614216436070585], [-0.4768957877943238, 0.034601909626769754], [-0.4414191890426728, 0.03547659875165097], [-0.4052300778902763, 0.03618911115239648], [-0.3684804285231855, 0.03674964936709079], [-0.33138850877575604, 0.03709191974742949], [-0.29438366780391534, 0.03700484097184073], [-0.25747616466105055, 0.03690750314286477], [-0.22087085367251463, 0.03660531098853593], [-0.1847365120142244, 0.03613434165829025], [-0.14928123372807234, 0.03545527828615205], [-0.11486136779570806, 0.03441986593236428], [-0.08131730199395384, 0.033544065801754216], [-0.0491544146745842, 0.03216288731936964], [-0.01802668375143354, 0.031127730923150663], [0.011658849622790221, 0.02968553337422376], [0.04007062864702454, 0.028411779024234318], [0.06742560805132167, 0.02735497940429712], [0.09354759145491877, 0.0261219834035971], [0.11799830740468567, 0.024450715949766905], [0.14159704206883827, 0.023598734664152604], [0.16439781530408099, 0.022800773235242707], [0.18632718437023937, 0.021929369066158375], [0.20753381575301005, 0.021206631382770673], [0.22818969014919016, 0.0206558743961801], [0.24838779531824573, 0.020198105169055562], [0.2681431833823351, 0.019755388064089368], [0.28732043135364393, 0.01917724797130883], [0.30621991930568815, 0.018899487952044214], [0.32493099480494125, 0.01871107549925313], [0.3435729918750137, 0.018641997070072476], [0.3623072433416433, 0.0187342514666296], [0.38130243171579725, 0.01899518837415393], [0.40033992718653033, 0.01903749547073308], [0.4199217228664182, 0.01958179567988788], [0.4402384173446748, 0.02031669447825656], [0.46123374833568653, 0.020995330991011765]], [[-0.4117490207385791, 0.0], [-0.41396731694253436, -0.0022182962039552345], [-0.4183248344009331, -0.00435751745839875], [-0.4242143555912827, -0.005889521190349554], [-0.4317630792966245, -0.007548723705341794], [-0.44097846654464407, -0.009215387248019555], [-0.45168412911603056, -0.010705662571386504], [-0.4637862411914287, -0.012102112075398108], [-0.4776674050768451, -0.013881163885416355], [-0.4929977514410717, -0.015330346364226618], [-0.5099170661800089, -0.0169193147389372], [-0.5256651790401117, -0.01574811286010275], [-0.5400826637192373, 