{"last_rewards": [null, null, null, 94.40603392224332, 94.3261921364937], "last_x": 5, "name": "NND_MB_agent_MountainCarContinuous-v0", "episodes": [[92, 94.40603392224332], [80, 94.3261921364937]], "best_path": [[-0.4578795578678311, 0.0], [-0.4595278715270439, -0.0016483136592127952], [-0.4622614038404648, -0.0027335323134209453], [-0.46691173625200566, -0.004650332411540861], [-0.47341816100396367, -0.0065064247519580135], [-0.48177110603259476, -0.008352945028631124], [-0.49145872167642024, -0.009687615643825488], [-0.502710879526499, -0.011252157850078754], [-0.5154799920723249, -0.012769112545825904], [-0.5290352355563055, -0.013555243483980616], [-0.5429122539210264, -0.013877018364720904], [-0.5575012298575567, -0.014588975936530293], [-0.5731326501940487, -0.01563142033649204], [-0.5885501320136093, -0.015417481819560586], [-0.6044616541725615, -0.015911522158952175], [-0.6205707855871535, -0.016109131414592026], [-0.6356708170253897, -0.015100031438236225], [-0.6513192786152053, -0.015648461589815622], [-0.6672557848017622, -0.015936506186556794], [-0.6834062183391667, -0.01615043353740456], [-0.6989120272205626, -0.015505808881395843], [-0.7138370003807363, -0.014924973160173752], [-0.7281694889602801, -0.014332488579543874], [-0.739886466621159, -0.01171697766087889], [-0.7513783730110098, -0.011491906389850905], [-0.7606356279524914, -0.009257254941481528], [-0.7669465719127699, -0.006310943960278562], [-0.7704962772828088, -0.003549705370038898], [-0.7715928379928171, -0.001096560710008352], [-0.7695331898642686, 0.0020596481285485714], [-0.7646589766515215, 0.004874213212747036], [-0.7568827882931211, 0.007776188358400403], [-0.7461764946820988, 0.010706293611022306], [-0.7324283095566672, 0.013748185125431656], [-0.7158572592853252, 0.016571050271341925], [-0.6966661689370637, 0.019191090348261552], [-0.6748721797483229, 0.021793989188740745], [-0.6506303553740869, 0.02424182437423606], [-0.6244018141865004, 0.026228541187586437], [-0.5963528278693943, 0.028048986317106173], [-0.5666635238304781, 0.029689304038916113], [-0.5358430521205226, 0.030820471709955475], [-0.5035227013902966, 0.03232035073022602], [-0.4699013898506266, 0.033621311539670004], [-0.43550626503851575, 0.0343951248121109], [-0.400685738761199, 0.03482052627731673], [-0.36554249478885487, 0.03514324397234414], [-0.3304605429316215, 0.03508195185723331], [-0.29541981466305467, 0.03504072826856686], [-0.2604957514647136, 0.03492406319834104], [-0.22630769580407628, 0.03418805566063732], [-0.19257580306878647, 0.03373189273528983], [-0.15944982231008764, 0.03312598075869881], [-0.12714616391629455, 0.03230365839379309], [-0.09608328583732559, 0.03106287807896895], [-0.06619921996445471, 0.029884065872870867], [-0.03733312635491336, 0.028866093609541357], [-0.009906570250452437, 0.02742655610446092], [0.01645880091346304, 0.026365371163915477], [0.041679071325395965, 0.025220270411932925], [0.06554374528222368, 0.023864673956827703], [0.08838175202589271, 0.022838006743669034], [0.10996827118499336, 0.021586519159100655], [0.1304464559836552, 0.02047818479866184], [0.14993709457055895, 0.019490638586903756], [0.16831079926454512, 0.01837370469398615], [0.1858271454517342, 0.01751634618718908], [0.20174319189480247, 0.01591604644306827], [0.2170834630264177, 0.01534027113161524], [0.23170499992408047, 0.014621536897662756], [0.24580131238918934, 0.014096312465108863], [0.2586784584442837, 0.012877146055094392], [0.2708799117771, 0.01220145333281628], [0.28236322154712684, 0.011483309770026807], [0.29339778653638704, 0.011034564989260176], [0.30366862731861544, 0.010270840782228422], [0.31383105790040866, 0.01016243058179324], [0.32356993064847267, 0.00973887274806401], [0.3328152570000939, 0.00924532635162125], [0.3414623096324709, 0.008647052632376988], [0.35027214040918514, 0.008809830776714283], [0.3592888051499407, 0.009016664740755582], [0.36772888012045707, 0.008440074970516331], [0.37614810412167343, 0.008419224001216363], [0.3841517733021336, 0.008003669180460218], [0.39236446483280235, 0.008212691530668743], [0.4010004778674093, 0.008636013034606937], [0.40984436756084175, 0.0088438896934325], [0.4191877769345763, 0.009343409373734549], [0.42850060672237644, 0.009312829787800112], [0.4385715212150552, 0.01007091449267879], [0.4490964429238231, 0.010524921708767879], [0.46036987040748184, 0.011273427483658711]],